{"cameraMode":{"drawMode":0,"name":"Shaded","section":"Shading Mode"},"sceneLighting":true,"audioPlay":false,"sceneViewState":{"showFog":true,"showMaterialUpdate":false,"showSkybox":true,"showFlares":true,"showImageEffects":true,"showParticleSystems":true},"in2DMode":false,"pivot":{"x":530.5510864257813,"y":182.84933471679688,"z":0.0},"rotation":{"x":-0.051778607070446017,"y":0.1940818578004837,"z":-0.010259361937642098,"w":-0.979567289352417},"size":232.69680786132813,"orthographic":false}